{
  "version": 2,
  "builds": [
    {
      "src": "api/**/*.js",
      "use": "@vercel/node"
    },
    {
      "src": "public/**",
      "use": "@vercel/static"
    }
  ],
  "routes": [
    {
      "src": "/api/(.*)",
      "dest": "/api/$1"
    },
    {
      "src": "/health",
      "dest": "/api/health"
    },
    {
      "src": "/(.*)",
      "dest": "/public/$1"
    }
  ],
  "env": {
    "NODE_ENV": "production"
  },
  "functions": {
    "api/**/*.js": {
      "maxDuration": 10
    }
  }
}
